"","Pclass","Sex","SurvivalRate"
"1",1,"female",0.968085106382979
"2",1,"male",0.368852459016393
"3",2,"female",0.921052631578947
"4",2,"male",0.157407407407407
"5",3,"female",0.5
"6",3,"male",0.135446685878963
